Date,Price,High,Low,Volume,Last Close,Change,Var%
2010-01-04,280.55,,,34238569.0,280.55,,
2010-01-05,298.1,,,85412583.0,298.1,,
2010-01-06,307.0,,,63004445.0,307.0,,
2010-01-07,315.5,,,74073933.0,315.5,,
2010-01-08,320.55,,,71919378.0,320.55,,
2010-01-11,317.0,,,47132942.0,317.0,,
2010-01-12,316.6,,,42832890.0,316.6,,
2010-01-13,313.7,,,53949895.0,313.7,,
2010-01-14,318.65,,,41362542.0,318.65,,
2010-01-15,311.2,,,89759639.0,311.2,,
2010-01-18,317.75,,,35635967.0,317.75,,
2010-01-19,312.1,,,67719401.0,312.1,,
2010-01-20,300.85,,,71745431.0,300.85,,
2010-01-21,283.0,,,106899451.0,283.0,,
2010-01-22,271.35,,,164927199.0,271.35,,
2010-01-25,276.0,,,64522342.0,276.0,,
2010-01-26,276.0,,,49172453.0,276.0,,
2010-01-27,266.85,,,66325157.0,266.85,,
2010-01-28,264.95,,,85548366.0,264.95,,
2010-01-29,270.55,,,58487937.0,270.55,,
2010-02-01,282.2,,,49795822.0,282.2,,
2010-02-02,289.65,,,52355035.0,289.65,,
2010-02-03,295.35,,,75772920.0,295.35,,
2010-02-04,272.2,,,102518854.0,272.2,,
2010-02-05,269.0,,,101847371.0,269.0,,
2010-02-08,268.0,,,64613656.0,268.0,,
2010-02-09,269.3,,,53937145.0,269.3,,
2010-02-10,277.85,,,59986102.0,277.85,,
2010-02-11,268.35,,,70459869.0,268.35,,
2010-02-12,262.0,,,71391811.0,262.0,,
2010-02-15,275.05,,,42129859.0,275.05,,
2010-02-16,293.75,,,110131566.0,293.75,,
2010-02-17,302.3,,,72665480.0,302.3,,
2010-02-18,308.3,,,64746752.0,308.3,,
2010-02-19,312.25,,,78958352.0,312.25,,
2010-02-22,316.25,,,63102914.0,316.25,,
2010-02-23,311.75,,,59472019.0,311.75,,
2010-02-24,310.0,,,54159237.0,310.0,,
2010-02-25,306.85,,,45820945.0,306.85,,
2010-02-26,312.5,,,52286040.0,312.5,,
2010-03-01,312.15,,,56997933.0,312.15,,
2010-03-02,321.8,,,54485075.0,321.8,,
2010-03-03,329.9,,,57125934.0,329.9,,
2010-03-04,333.1,,,57835419.0,333.1,,
2010-03-05,341.4,,,56894565.0,341.4,,
2010-03-08,345.0,,,104125159.0,345.0,,
2010-03-09,345.8,,,57723584.0,345.8,,
2010-03-10,347.85,,,85839969.0,347.85,,
2010-03-11,343.75,,,47080435.0,343.75,,
2010-03-12,351.85,,,67443379.0,351.85,,
2010-03-15,348.6,,,46213988.0,348.6,,
2010-03-16,357.45,,,57015133.0,357.45,,
2010-03-17,359.4,,,48298913.0,359.4,,
2010-03-18,352.9,,,61648399.0,352.9,,
2010-03-19,357.6,,,94579778.0,357.6,,
2010-03-22,353.6,,,47928544.0,353.6,,
2010-03-23,357.9,,,39575003.0,357.9,,
2010-03-24,359.0,,,47041893.0,359.0,,
2010-03-25,365.1,,,47755576.0,365.1,,
2010-03-26,367.55,,,34137681.0,367.55,,
2010-03-29,366.85,,,31448778.0,366.85,,
2010-03-30,358.0,,,58356537.0,358.0,,
2010-03-31,360.3,,,50852107.0,360.3,,
2010-04-01,362.45,,,27419258.0,362.45,,
2010-04-06,364.2,,,27058930.0,364.2,,
2010-04-07,361.55,,,29470690.0,361.55,,
2010-04-08,357.1,,,38300952.0,357.1,,
2010-04-09,356.5,,,43345477.0,356.5,,
2010-04-12,364.65,,,38087251.0,364.65,,
2010-04-13,363.0,,,21881330.0,363.0,,
2010-04-14,373.5,,,72695884.0,373.5,,
2010-04-15,383.15,,,76936917.0,383.15,,
2010-04-16,373.35,,,115078708.0,373.35,,
2010-04-19,370.45,,,60762105.0,370.45,,
2010-04-20,372.75,,,60956867.0,372.75,,
2010-04-21,365.85,,,59169356.0,365.85,,
2010-04-22,359.7,,,62605204.0,359.7,,
2010-04-23,362.3,,,43957867.0,362.3,,
2010-04-26,370.9,,,68501130.0,370.9,,
2010-04-27,357.2,,,91049271.0,357.2,,
2010-04-28,352.0,,,91816273.0,352.0,,
2010-04-29,361.25,,,54772025.0,361.25,,
2010-04-30,338.25,,,155627180.0,338.25,,
2010-05-04,323.0,,,75509814.0,323.0,,
2010-05-05,322.75,,,106904284.0,322.75,,
2010-05-06,301.7,,,103715490.0,301.7,,
2010-05-07,283.7,,,166171818.0,283.7,,
2010-05-10,329.6,,,177749031.0,329.6,,
2010-05-11,325.4,,,74518412.0,325.4,,
2010-05-12,328.8,,,98155576.0,328.8,,
2010-05-13,329.0,,,48634302.0,329.0,,
2010-05-14,308.9,,,80134925.0,308.9,,
2010-05-17,304.7,,,62465550.0,304.7,,
2010-05-18,305.85,,,49795812.0,305.85,,
2010-05-19,291.433,,,72721429.0,291.433,,
2010-05-20,288.0,,,128769649.0,288.0,,
2010-05-21,298.9,,,95902773.0,298.9,,
2010-05-24,300.85,,,50712219.0,300.85,,
2010-05-25,283.8,,,72803205.0,283.8,,
2010-05-26,297.0,,,81662239.0,297.0,,
2010-05-27,308.9,,,69024926.0,308.9,,
2010-05-28,305.1,,,49170655.0,305.1,,
2010-06-01,303.3,,,59479014.0,303.3,,
2010-06-02,296.5,,,39885206.0,296.5,,
2010-06-03,302.7,,,51129400.0,302.7,,
2010-06-04,288.6,,,64304741.0,288.6,,
2010-06-07,285.9,,,55052739.0,285.9,,
2010-06-08,276.55,,,58630755.0,276.55,,
2010-06-09,282.7,,,63347772.0,282.7,,
2010-06-10,287.85,,,68946072.0,287.85,,
2010-06-11,290.85,,,38962939.0,290.85,,
2010-06-14,301.35,,,38352580.0,301.35,,
2010-06-15,306.8,,,41142375.0,306.8,,
2010-06-16,304.85,,,41397353.0,304.85,,
2010-06-17,312.65,,,44870622.0,312.65,,
2010-06-18,312.35,,,62704974.0,312.35,,
2010-06-21,317.1,,,46506316.0,317.1,,
2010-06-22,310.75,,,58956975.0,310.75,,
2010-06-23,300.8,,,39241961.0,300.8,,
2010-06-24,287.0,,,42005608.0,287.0,,
2010-06-25,281.2,,,46747480.0,281.2,,
2010-06-28,285.35,,,45762307.0,285.35,,
2010-06-29,267.35,,,65954854.0,267.35,,
2010-06-30,270.55,,,74953729.0,270.55,,
2010-07-01,255.35,,,86556470.0,255.35,,
2010-07-02,266.95,,,50428398.0,266.95,,
2010-07-05,259.2,,,32397180.0,259.2,,
2010-07-06,274.6,,,60093268.0,274.6,,
2010-07-07,291.6,,,73183930.0,291.6,,
2010-07-08,302.0,,,84827181.0,302.0,,
2010-07-09,300.45,,,37909416.0,300.45,,
2010-07-12,299.95,,,25629165.0,299.95,,
2010-07-13,312.6,,,42248143.0,312.6,,
2010-07-14,313.55,,,41354440.0,313.55,,
2010-07-15,300.35,,,49839263.0,300.35,,
2010-07-16,286.948,,,57002261.0,286.948,,
2010-07-19,285.3,,,47696263.0,285.3,,
2010-07-20,284.85,,,45036179.0,284.85,,
2010-07-21,290.25,,,48303414.0,290.25,,
2010-07-22,303.65,,,66338655.0,303.65,,
2010-07-23,302.0,,,33174805.0,302.0,,
2010-07-26,315.65,,,47702833.0,315.65,,
2010-07-27,339.55,,,139624227.0,339.55,,
2010-07-28,339.1,,,66011488.0,339.1,,
2010-07-29,334.1,,,31206165.0,334.1,,
2010-07-30,332.8,,,35710473.0,332.8,,
2010-08-02,343.95,,,45202312.0,343.95,,
2010-08-03,342.75,,,37060857.0,342.75,,
2010-08-04,339.85,,,35214072.0,339.85,,
2010-08-05,324.0,,,86717242.0,324.0,,
2010-08-06,324.6,,,67636115.0,324.6,,
2010-08-09,335.0,,,32829247.0,335.0,,
2010-08-10,333.65,,,40724455.0,333.65,,
2010-08-11,313.6,,,67177343.0,313.6,,
2010-08-12,309.55,,,76637498.0,309.55,,
2010-08-13,317.0,,,47036789.0,317.0,,
2010-08-16,318.3,,,25415325.0,318.3,,
2010-08-17,327.1,,,34754785.0,327.1,,
2010-08-18,324.75,,,26955373.0,324.75,,
2010-08-19,319.4,,,36063492.0,319.4,,
2010-08-20,317.4,,,41132311.0,317.4,,
2010-08-23,319.25,,,26091452.0,319.25,,
2010-08-24,309.15,,,39384052.0,309.15,,
2010-08-25,298.0,,,69766219.0,298.0,,
2010-08-26,302.0,,,35786202.0,302.0,,
2010-08-27,303.95,,,29892519.0,303.95,,
2010-08-31,302.4,,,45142570.0,302.4,,
2010-09-01,315.5,,,40305604.0,315.5,,
2010-09-02,312.0,,,41235224.0,312.0,,
2010-09-03,325.0,,,52624284.0,325.0,,
2010-09-06,322.85,,,22278346.0,322.85,,
2010-09-07,314.0,,,52680055.0,314.0,,
2010-09-08,308.0,,,65420382.0,308.0,,
2010-09-09,323.35,,,71767909.0,323.35,,
2010-09-10,319.1,,,45392359.0,319.1,,
2010-09-13,323.7,,,52748223.0,323.7,,
2010-09-14,324.0,,,30246980.0,324.0,,
2010-09-15,316.75,,,39407506.0,316.75,,
2010-09-16,314.75,,,49767248.0,314.75,,
2010-09-17,304.65,,,90361345.0,304.65,,
2010-09-20,313.35,,,47733569.0,313.35,,
2010-09-21,311.6,,,48183383.0,311.6,,
2010-09-22,306.7,,,40564813.0,306.7,,
2010-09-23,306.25,,,71607459.0,306.25,,
2010-09-24,311.75,,,59391543.0,311.75,,
2010-09-27,310.75,,,26042377.0,310.75,,
2010-09-28,309.05,,,43667595.0,309.05,,
2010-09-29,305.25,,,56504803.0,305.25,,
2010-09-30,299.6,,,68384699.0,299.6,,
2010-10-01,299.75,,,51943372.0,299.75,,
2010-10-04,299.8,,,26987545.0,299.8,,
2010-10-05,308.8,,,49489583.0,308.8,,
2010-10-06,306.8,,,39171789.0,306.8,,
2010-10-07,304.05,,,64536212.0,304.05,,
2010-10-08,297.25,,,403686015.0,297.25,,
2010-10-11,298.3,,,23974421.0,298.3,,
2010-10-12,294.75,,,41277143.0,294.75,,
2010-10-13,292.0,,,133335345.0,292.0,,
2010-10-14,279.95,,,129739425.0,279.95,,
2010-10-15,285.0,,,76875076.0,285.0,,
2010-10-18,289.25,,,32514116.0,289.25,,
2010-10-19,288.85,,,43593155.0,288.85,,
2010-10-20,291.1,,,34158850.0,291.1,,
2010-10-21,285.95,,,39965690.0,285.95,,
2010-10-22,283.05,,,41594683.0,283.05,,
2010-10-25,281.35,,,25753462.0,281.35,,
2010-10-26,277.35,,,52524895.0,277.35,,
2010-10-27,282.3,,,50758531.0,282.3,,
2010-10-28,278.5,,,33620680.0,278.5,,
2010-10-29,274.6,,,32437420.0,274.6,,
2010-11-01,273.55,,,33656243.0,273.55,,
2010-11-02,275.05,,,33436423.0,275.05,,
2010-11-03,279.4,,,43828052.0,279.4,,
2010-11-04,287.1,,,62876027.0,287.1,,
2010-11-05,289.85,,,61923711.0,289.85,,
2010-11-08,285.65,,,35676940.0,285.65,,
2010-11-09,297.0,,,81957185.0,297.0,,
2010-11-10,289.6,,,74214835.0,289.6,,
2010-11-11,284.9,,,51476396.0,284.9,,
2010-11-12,280.5,,,52677850.0,280.5,,
2010-11-15,282.45,,,30924785.0,282.45,,
2010-11-16,273.8,,,42922863.0,273.8,,
2010-11-17,274.25,,,29547989.0,274.25,,
2010-11-18,277.95,,,29165119.0,277.95,,
2010-11-19,274.2,,,33868003.0,274.2,,
2010-11-22,270.0,,,39315252.0,270.0,,
2010-11-23,264.25,,,52141963.0,264.25,,
2010-11-24,267.0,,,69966415.0,267.0,,
2010-11-25,268.35,,,27769632.0,268.35,,
2010-11-26,259.8,,,46469707.0,259.8,,
2010-11-29,262.95,,,61187581.0,262.95,,
2010-11-30,256.15,,,79532298.0,256.15,,
2010-12-01,268.0,,,70044528.0,268.0,,
2010-12-02,274.95,,,57454441.0,274.95,,
2010-12-03,268.0,,,40974779.0,268.0,,
2010-12-06,263.0,,,38410419.0,263.0,,
2010-12-07,262.6,,,65214445.0,262.6,,
2010-12-08,264.15,,,37025012.0,264.15,,
2010-12-09,276.0,,,85292468.0,276.0,,
2010-12-10,272.2,,,33268433.0,272.2,,
2010-12-13,273.3,,,27125004.0,273.3,,
2010-12-14,272.0,,,34179556.0,272.0,,
2010-12-15,262.0,,,81299769.0,262.0,,
2010-12-16,263.5,,,45454645.0,263.5,,
2010-12-17,259.75,,,61489331.0,259.75,,
2010-12-20,261.0,,,22797569.0,261.0,,
2010-12-21,268.35,,,28906969.0,268.35,,
2010-12-22,267.5,,,18323997.0,267.5,,
2010-12-23,267.1,,,9562121.0,267.1,,
2010-12-24,266.95,,,3611734.0,266.95,,
2010-12-29,264.7,,,15847358.0,264.7,,
2010-12-30,264.3,,,13717902.0,264.3,,
2010-12-31,261.65,,,8138586.0,261.65,,
2011-01-04,272.75,,,48176571.0,272.75,,
2011-01-05,281.0,,,53934397.0,281.0,,
2011-01-06,278.0,,,46248786.0,278.0,,
2011-01-07,275.1,,,43353222.0,275.1,,
2011-01-10,276.7,,,40537091.0,276.7,,
2011-01-11,292.0,,,91418760.0,292.0,,
2011-01-12,302.6,,,70720651.0,302.6,,
2011-01-13,306.0,,,52755119.0,306.0,,
2011-01-14,311.0,,,60835396.0,311.0,,
2011-01-17,306.6,,,34180403.0,306.6,,
2011-01-18,307.75,,,42841923.0,307.75,,
2011-01-19,296.15,,,64794691.0,296.15,,
2011-01-20,303.25,,,72986147.0,303.25,,
2011-01-21,300.9,,,56051783.0,300.9,,
2011-01-24,300.5,,,54225744.0,300.5,,
2011-01-25,298.45,,,36330700.0,298.45,,
2011-01-26,295.5,,,41587784.0,295.5,,
2011-01-27,299.4,,,34007897.0,299.4,,
2011-01-28,298.2,,,46898477.0,298.2,,
2011-01-31,293.75,,,31703736.0,293.75,,
2011-02-01,298.5,,,28611315.0,298.5,,
2011-02-02,302.0,,,44356305.0,302.0,,
2011-02-03,300.9,,,34155931.0,300.9,,
2011-02-04,308.1,,,37416592.0,308.1,,
2011-02-07,312.75,,,38293003.0,312.75,,
2011-02-08,314.35,,,28624335.0,314.35,,
2011-02-09,316.4,,,39616138.0,316.4,,
2011-02-10,313.25,,,40608795.0,313.25,,
2011-02-11,311.1,,,30292856.0,311.1,,
2011-02-14,310.75,,,43261381.0,310.75,,
2011-02-15,328.75,,,118198728.0,328.75,,
2011-02-16,332.0,,,94753746.0,332.0,,
2011-02-17,333.55,,,68600233.0,333.55,,
2011-02-18,329.55,,,53685752.0,329.55,,
2011-02-21,322.25,,,31582081.0,322.25,,
2011-02-22,321.85,,,47359310.0,321.85,,
2011-02-23,319.0,,,59083753.0,319.0,,
2011-02-24,312.55,,,41514908.0,312.55,,
2011-02-25,313.3,,,29415415.0,313.3,,
2011-02-28,319.85,,,44329564.0,319.85,,
2011-03-01,313.25,,,36772790.0,313.25,,
2011-03-02,314.4,,,35240075.0,314.4,,
2011-03-03,315.0,,,41127688.0,315.0,,
2011-03-04,313.1,,,29008477.0,313.1,,
2011-03-07,307.95,,,27422575.0,307.95,,
2011-03-08,308.6,,,41356320.0,308.6,,
2011-03-09,305.5,,,29813672.0,305.5,,
2011-03-10,301.4,,,40083029.0,301.4,,
2011-03-11,298.75,,,40470634.0,298.75,,
2011-03-14,294.55,,,33596121.0,294.55,,
2011-03-15,292.0,,,38502549.0,292.0,,
2011-03-16,282.0,,,45774365.0,282.0,,
2011-03-17,283.55,,,36867824.0,283.55,,
2011-03-18,282.1,,,69852352.0,282.1,,
2011-03-21,289.5,,,40814698.0,289.5,,
2011-03-22,288.5,,,32676545.0,288.5,,
2011-03-23,287.25,,,23385465.0,287.25,,
2011-03-24,290.9,,,26859512.0,290.9,,
2011-03-25,290.0,,,31167508.0,290.0,,
2011-03-28,292.4,,,21720506.0,292.4,,
2011-03-29,285.95,,,30488065.0,285.95,,
2011-03-30,283.75,,,35965716.0,283.75,,
2011-03-31,277.55,,,40147876.0,277.55,,
2011-04-01,289.45,,,44275784.0,289.45,,
2011-04-04,288.3,,,23381854.0,288.3,,
2011-04-05,286.75,,,48772019.0,286.75,,
2011-04-06,294.8,,,46952207.0,294.8,,
2011-04-07,295.25,,,39870665.0,295.25,,
2011-04-08,297.15,,,34520288.0,297.15,,
2011-04-11,305.35,,,53543553.0,305.35,,
2011-04-12,304.15,,,36737782.0,304.15,,
2011-04-13,308.85,,,46552066.0,308.85,,
2011-04-14,301.8,,,36764331.0,301.8,,
2011-04-15,301.65,,,34083052.0,301.65,,
2011-04-18,290.7,,,63654675.0,290.7,,
2011-04-19,290.55,,,31490592.0,290.55,,
2011-04-20,294.4,,,23091484.0,294.4,,
2011-04-21,298.85,,,23234994.0,298.85,,
2011-04-26,301.85,,,20449889.0,301.85,,
2011-04-27,287.5,,,74852057.0,287.5,,
2011-04-28,282.3,,,54114751.0,282.3,,
2011-05-03,286.2,,,36049295.0,286.2,,
2011-05-04,283.8,,,39404483.0,283.8,,
2011-05-05,276.3,,,53484224.0,276.3,,
2011-05-06,277.6,,,40036442.0,277.6,,
2011-05-09,273.95,,,34729372.0,273.95,,
2011-05-10,277.95,,,28773188.0,277.95,,
2011-05-11,279.05,,,28051808.0,279.05,,
2011-05-12,278.1,,,29252227.0,278.1,,
2011-05-13,274.3,,,33889570.0,274.3,,
2011-05-16,273.7,,,29878250.0,273.7,,
2011-05-17,270.25,,,22170961.0,270.25,,
2011-05-18,270.7,,,24916915.0,270.7,,
2011-05-19,277.45,,,53537960.0,277.45,,
2011-05-20,273.6,,,30090535.0,273.6,,
2011-05-23,268.25,,,27033166.0,268.25,,
2011-05-24,265.6,,,28733054.0,265.6,,
2011-05-25,271.8,,,29823959.0,271.8,,
2011-05-26,271.3,,,24556052.0,271.3,,
2011-05-27,275.25,,,27308995.0,275.25,,
2011-05-31,276.65,,,26683566.0,276.65,,
2011-06-01,269.65,,,24109977.0,269.65,,
2011-06-02,265.7,,,22487521.0,265.7,,
2011-06-03,265.5,,,33563420.0,265.5,,
2011-06-06,264.0,,,20305110.0,264.0,,
2011-06-07,262.55,,,25623033.0,262.55,,
2011-06-08,263.15,,,34564880.0,263.15,,
2011-06-09,259.95,,,33323358.0,259.95,,
2011-06-10,256.5,,,32817988.0,256.5,,
2011-06-13,260.35,,,22723605.0,260.35,,
2011-06-14,264.55,,,32841231.0,264.55,,
2011-06-15,257.4,,,38411218.0,257.4,,
2011-06-16,254.0,,,50364324.0,254.0,,
2011-06-17,257.2,,,51355473.0,257.2,,
2011-06-20,252.55,,,25657086.0,252.55,,
2011-06-21,258.9,,,25037972.0,258.9,,
2011-06-22,252.3,,,35930262.0,252.3,,
2011-06-23,243.35,,,40720739.0,243.35,,
2011-06-24,237.3,,,46867068.0,237.3,,
2011-06-27,237.55,,,29050181.0,237.55,,
2011-06-28,241.95,,,30095257.0,241.95,,
2011-06-29,249.25,,,37359910.0,249.25,,
2011-06-30,256.45,,,35159536.0,256.45,,
2011-07-01,265.55,,,35191888.0,265.55,,
2011-07-04,262.7,,,14564177.0,262.7,,
2011-07-05,259.5,,,17250314.0,259.5,,
2011-07-06,249.75,,,38875152.0,249.75,,
2011-07-07,251.25,,,26139677.0,251.25,,
2011-07-08,243.25,,,27563263.0,243.25,,
2011-07-11,233.95,,,46741745.0,233.95,,
2011-07-12,227.65,,,70348246.0,227.65,,
2011-07-13,228.0,,,42305880.0,228.0,,
2011-07-14,225.85,,,31419520.0,225.85,,
2011-07-15,223.3,,,29560483.0,223.3,,
2011-07-18,207.65,,,66364171.0,207.65,,
2011-07-19,211.6,,,49651217.0,211.6,,
2011-07-20,222.6,,,53178718.0,222.6,,
2011-07-21,239.85,,,85074024.0,239.85,,
2011-07-22,239.6,,,57990389.0,239.6,,
2011-07-25,228.95,,,44494818.0,228.95,,
2011-07-26,228.75,,,25368647.0,228.75,,
2011-07-27,221.0,,,30845735.0,221.0,,
2011-07-28,227.9,,,44491590.0,227.9,,
2011-07-29,223.0,,,33355343.0,223.0,,
2011-08-01,217.0,,,37416473.0,217.0,,
2011-08-02,216.75,,,62124154.0,216.75,,
2011-08-03,212.5,,,55147008.0,212.5,,
2011-08-04,196.0,,,85004446.0,196.0,,
2011-08-05,186.0,,,121740327.0,186.0,,
2011-08-08,175.4,,,68659448.0,175.4,,
2011-08-09,179.3,,,96456397.0,179.3,,
2011-08-10,163.7,,,87160637.0,163.7,,
2011-08-11,177.85,,,78761263.0,177.85,,
2011-08-12,187.2,,,58775883.0,187.2,,
2011-08-15,183.35,,,36018425.0,183.35,,
2011-08-16,181.6,,,36939198.0,181.6,,
2011-08-17,173.95,,,32142001.0,173.95,,
2011-08-18,154.0,,,69724357.0,154.0,,
2011-08-19,150.5,,,76231590.0,150.5,,
2011-08-22,146.25,,,50221466.0,146.25,,
2011-08-23,145.45,,,51742688.0,145.45,,
2011-08-24,149.6,,,48137878.0,149.6,,
2011-08-25,157.9,,,88877676.0,157.9,,
2011-08-26,155.0,,,49811274.0,155.0,,
2011-08-30,165.4,,,51072008.0,165.4,,
2011-08-31,170.75,,,43924654.0,170.75,,
2011-09-01,180.35,,,74426679.0,180.35,,
2011-09-02,165.2,,,44891129.0,165.2,,
2011-09-05,154.15,,,45995639.0,154.15,,
2011-09-06,150.75,,,51921899.0,150.75,,
2011-09-07,159.95,,,42861195.0,159.95,,
2011-09-08,159.0,,,51632206.0,159.0,,
2011-09-09,144.0,,,91355621.0,144.0,,
2011-09-12,141.65,,,75099078.0,141.65,,
2011-09-13,148.3,,,49107322.0,148.3,,
2011-09-14,152.0,,,78558905.0,152.0,,
2011-09-15,158.0,,,71784994.0,158.0,,
2011-09-16,163.4,,,82755882.0,163.4,,
2011-09-19,152.7,,,41184135.0,152.7,,
2011-09-20,154.25,,,36936744.0,154.25,,
2011-09-21,153.25,,,31958288.0,153.25,,
2011-09-22,138.85,,,56942144.0,138.85,,
2011-09-23,146.0,,,63538036.0,146.0,,
2011-09-26,156.0,,,75588079.0,156.0,,
2011-09-27,168.45,,,63613763.0,168.45,,
2011-09-28,166.4,,,46214703.0,166.4,,
2011-09-29,169.15,,,48470777.0,169.15,,
2011-09-30,161.35,,,40499718.0,161.35,,
2011-10-03,156.25,,,38084136.0,156.25,,
2011-10-04,144.35,,,54989073.0,144.35,,
2011-10-05,155.45,,,54469375.0,155.45,,
2011-10-06,167.85,,,55412544.0,167.85,,
2011-10-07,164.7,,,46104041.0,164.7,,
2011-10-10,172.1,,,26837705.0,172.1,,
2011-10-11,175.7,,,31392061.0,175.7,,
2011-10-12,187.0,,,71981304.0,187.0,,
2011-10-13,173.2,,,75423750.0,173.2,,
2011-10-14,176.05,,,39729385.0,176.05,,
2011-10-17,176.35,,,37802117.0,176.35,,
2011-10-18,175.1,,,46366018.0,175.1,,
2011-10-19,179.45,,,33506544.0,179.45,,
2011-10-20,172.0,,,45181374.0,172.0,,
2011-10-21,181.95,,,50254608.0,181.95,,
2011-10-24,186.7,,,35075047.0,186.7,,
2011-10-25,180.0,,,41264291.0,180.0,,
2011-10-26,178.6,,,27750942.0,178.6,,
2011-10-27,210.0,,,146680455.0,210.0,,
2011-10-28,201.2,,,80672830.0,201.2,,
2011-10-31,195.3,,,52477625.0,195.3,,
2011-11-01,176.75,,,78583658.0,176.75,,
2011-11-02,181.1,,,47271859.0,181.1,,
2011-11-03,184.55,,,72122503.0,184.55,,
2011-11-04,183.55,,,51223409.0,183.55,,
2011-11-07,179.35,,,36298739.0,179.35,,
2011-11-08,182.0,,,30820252.0,182.0,,
2011-11-09,172.05,,,48911345.0,172.05,,
2011-11-10,174.55,,,17568083.0,174.55,,
2011-11-11,178.9,,,31702845.0,178.9,,
2011-11-14,174.05,,,34268386.0,174.05,,
2011-11-15,171.2,,,39901143.0,171.2,,
2011-11-16,172.5,,,33511910.0,172.5,,
2011-11-17,168.05,,,43381565.0,168.05,,
2011-11-18,166.4,,,30593337.0,166.4,,
2011-11-21,157.5,,,33637507.0,157.5,,
2011-11-22,152.6,,,38404120.0,152.6,,
2011-11-23,147.9,,,40782116.0,147.9,,
2011-11-24,152.5,,,30189261.0,152.5,,
2011-11-25,155.65,,,30682598.0,155.65,,
2011-11-28,167.85,,,36391854.0,167.85,,
2011-11-29,169.0,,,33443807.0,169.0,,
2011-11-30,180.25,,,70795699.0,180.25,,
2011-12-01,177.15,,,41408920.0,177.15,,
2011-12-02,190.65,,,67068967.0,190.65,,
2011-12-05,191.65,,,48818520.0,191.65,,
2011-12-06,189.9,,,17567011.0,189.9,,
2011-12-07,187.35,,,41923014.0,187.35,,
2011-12-08,180.4,,,43641214.0,180.4,,
2011-12-09,190.2,,,39377379.0,190.2,,
2011-12-12,181.45,,,35258289.0,181.45,,
2011-12-13,178.6,,,34046605.0,178.6,,
2011-12-14,170.3,,,37878434.0,170.3,,
2011-12-15,170.5,,,35488956.0,170.5,,
2011-12-16,171.45,,,33923525.0,171.45,,
2011-12-19,165.95,,,24859595.0,165.95,,
2011-12-20,171.4,,,43034578.0,171.4,,
2011-12-21,171.95,,,35243398.0,171.95,,
2011-12-22,176.1,,,21812247.0,176.1,,
2011-12-23,179.0,,,7077363.0,179.0,,
2011-12-28,172.2,,,14728525.0,172.2,,
2011-12-29,174.5,,,12172973.0,174.5,,
2011-12-30,176.05,,,6475181.0,176.05,,
2012-01-03,186.3,,,37502051.0,186.3,,
2012-01-04,188.35,,,30594226.0,188.35,,
2012-01-05,183.65,,,39763712.0,183.65,,
2012-01-06,186.4,,,23557896.0,186.4,,
2012-01-09,178.1,,,39476911.0,178.1,,
2012-01-10,188.3,,,36655499.0,188.3,,
2012-01-11,190.3,,,27057097.0,190.3,,
2012-01-12,193.45,,,52186109.0,193.45,,
2012-01-13,201.2,,,66356704.0,201.2,,
2012-01-16,199.1,,,26662612.0,199.1,,
2012-01-17,199.25,,,35981359.0,199.25,,
2012-01-18,201.1,,,32072581.0,201.1,,
2012-01-19,221.35,,,74134226.0,221.35,,
2012-01-20,222.65,,,67393629.0,222.65,,
2012-01-24,218.5,,,44740999.0,218.5,,
2012-01-25,217.25,,,27779972.0,217.25,,
2012-01-26,222.85,,,38397426.0,222.85,,
2012-01-27,222.85,,,27586217.0,222.85,,
2012-01-30,213.55,,,34957430.0,213.55,,
2012-01-31,212.55,,,38701700.0,212.55,,
2012-02-01,224.1,,,45479855.0,224.1,,
2012-02-02,227.9,,,37768979.0,227.9,,
2012-02-03,237.45,,,45569906.0,237.45,,
2012-02-06,231.4,,,35630369.0,231.4,,
2012-02-07,236.8,,,26338139.0,236.8,,
2012-02-08,233.6,,,33333878.0,233.6,,
2012-02-09,233.1,,,41245201.0,233.1,,
2012-02-10,234.05,,,82639304.0,234.05,,
2012-02-13,236.95,,,26305026.0,236.95,,
2012-02-14,234.9,,,34274814.0,234.9,,
2012-02-15,241.65,,,47814660.0,241.65,,
2012-02-16,244.9,,,46642272.0,244.9,,
2012-02-17,248.35,,,44893432.0,248.35,,
2012-02-20,250.9,,,30757553.0,250.9,,
2012-02-21,247.75,,,46537840.0,247.75,,
2012-02-22,239.2,,,36184102.0,239.2,,
2012-02-23,241.0,,,39481587.0,241.0,,
2012-02-24,247.65,,,42648410.0,247.65,,
2012-02-27,243.8,,,26723031.0,243.8,,
2012-02-28,243.95,,,24895118.0,243.95,,
2012-02-29,245.0,,,51431953.0,245.0,,
2012-03-01,251.15,,,43884911.0,251.15,,
2012-03-02,256.75,,,41812378.0,256.75,,
2012-03-05,252.9,,,25254004.0,252.9,,
2012-03-06,238.9,,,44405719.0,238.9,,
2012-03-07,239.0,,,49920288.0,239.0,,
2012-03-08,240.7,,,51862552.0,240.7,,
2012-03-09,240.7,,,40294736.0,240.7,,
2012-03-12,235.85,,,33826546.0,235.85,,
2012-03-13,239.55,,,38561163.0,239.55,,
2012-03-15,249.2,,,36193006.0,249.2,,
2012-03-16,254.0,,,69442652.0,254.0,,
2012-03-19,251.3,,,30548845.0,251.3,,
2012-03-20,245.5,,,32327395.0,245.5,,
2012-03-21,244.7,,,32081005.0,244.7,,
2012-03-22,239.6,,,37044461.0,239.6,,
2012-03-23,244.5,,,32047930.0,244.5,,
2012-03-26,247.65,,,37696628.0,247.65,,
2012-03-27,251.35,,,46756665.0,251.35,,
2012-03-28,245.6,,,35563704.0,245.6,,
2012-03-29,234.15,,,43470822.0,234.15,,
2012-03-30,235.25,,,27611915.0,235.25,,
2012-04-02,236.45,,,36021252.0,236.45,,
2012-04-03,230.35,,,25150378.0,230.35,,
2012-04-04,218.5,,,64053029.0,218.5,,
2012-04-05,219.3,,,38350067.0,219.3,,
2012-04-10,206.3,,,48917427.0,206.3,,
2012-04-11,212.1,,,49416040.0,212.1,,
2012-04-12,223.45,,,65362528.0,223.45,,
2012-04-13,214.9,,,51804198.0,214.9,,
2012-04-16,210.8,,,40453816.0,210.8,,
2012-04-17,220.55,,,58552860.0,220.55,,
2012-04-18,214.25,,,43661493.0,214.25,,
2012-04-19,212.3,,,39449489.0,212.3,,
2012-04-20,213.55,,,30280773.0,213.55,,
2012-04-23,204.55,,,31585195.0,204.55,,
2012-04-24,211.0,,,28263480.0,211.0,,
2012-04-25,211.0,,,31934764.0,211.0,,
2012-04-26,213.0,,,42338129.0,213.0,,
2012-04-27,223.1,,,48462865.0,223.1,,
2012-04-30,218.25,,,25505657.0,218.25,,
2012-05-01,226.2,,,17886930.0,226.2,,
2012-05-02,213.65,,,41594813.0,213.65,,
2012-05-03,212.85,,,24498858.0,212.85,,
2012-05-04,208.4,,,33763740.0,208.4,,
2012-05-08,203.05,,,35838581.0,203.05,,
2012-05-09,202.35,,,37843808.0,202.35,,
2012-05-10,208.8,,,31159574.0,208.8,,
2012-05-11,202.8,,,43598337.0,202.8,,
2012-05-14,189.8,,,65358202.0,189.8,,
2012-05-15,186.1,,,59991973.0,186.1,,
2012-05-16,189.05,,,52884350.0,189.05,,
2012-05-17,181.9,,,37649936.0,181.9,,
2012-05-18,176.1,,,47709702.0,176.1,,
2012-05-21,180.0,,,37361938.0,180.0,,
2012-05-22,188.9,,,34291558.0,188.9,,
2012-05-23,180.5,,,26788733.0,180.5,,
2012-05-24,185.3,,,32046933.0,185.3,,
2012-05-25,181.7,,,23623538.0,181.7,,
2012-05-28,181.0,,,14501463.0,181.0,,
2012-05-29,181.0,,,25050761.0,181.0,,
2012-05-30,179.45,,,31505134.0,179.45,,
2012-05-31,176.3,,,40794638.0,176.3,,
2012-06-01,173.5,,,37798459.0,173.5,,
2012-06-06,187.8,,,53403092.0,187.8,,
2012-06-07,192.85,,,45300984.0,192.85,,
2012-06-08,190.35,,,26563046.0,190.35,,
2012-06-11,190.55,,,36522001.0,190.55,,
2012-06-12,189.75,,,34087380.0,189.75,,
2012-06-13,188.3,,,32484094.0,188.3,,
2012-06-14,192.75,,,36021676.0,192.75,,
2012-06-15,200.8,,,72993626.0,200.8,,
2012-06-18,196.05,,,38973747.0,196.05,,
2012-06-19,200.6,,,29983346.0,200.6,,
2012-06-20,205.75,,,44888611.0,205.75,,
2012-06-21,202.3,,,28861916.0,202.3,,
2012-06-22,200.7,,,21070838.0,200.7,,
2012-06-25,194.25,,,28235684.0,194.25,,
2012-06-26,192.4,,,21272603.0,192.4,,
2012-06-27,196.05,,,37116675.0,196.05,,
2012-06-28,165.6,,,163988824.0,165.6,,
2012-06-29,162.85,,,110650447.0,162.85,,
2012-07-02,168.4,,,71779709.0,168.4,,
2012-07-03,167.05,,,94796183.0,167.05,,
2012-07-04,166.0,,,35626409.0,166.0,,
2012-07-05,168.2,,,51905332.0,168.2,,
2012-07-06,164.75,,,39671412.0,164.75,,
2012-07-09,163.4,,,33567348.0,163.4,,
2012-07-10,167.0,,,27337172.0,167.0,,
2012-07-11,164.65,,,28378291.0,164.65,,
2012-07-12,163.5,,,25549033.0,163.5,,
2012-07-13,162.15,,,34164379.0,162.15,,
2012-07-16,157.7,,,47165071.0,157.7,,
2012-07-17,159.0,,,32632498.0,159.0,,
2012-07-18,160.15,,,25039202.0,160.15,,
2012-07-19,164.25,,,27692614.0,164.25,,
2012-07-20,159.25,,,40184032.0,159.25,,
2012-07-23,152.55,,,45826787.0,152.55,,
2012-07-24,150.6,,,34384671.0,150.6,,
2012-07-25,150.55,,,31117027.0,150.55,,
2012-07-26,153.6,,,38748536.0,153.6,,
2012-07-27,167.0,,,64255148.0,167.0,,
2012-07-30,170.55,,,42039967.0,170.55,,
2012-07-31,168.0,,,33931926.0,168.0,,
2012-08-01,168.3,,,22226812.0,168.3,,
2012-08-02,162.3,,,45495035.0,162.3,,
2012-08-03,171.35,,,49167984.0,171.35,,
2012-08-06,177.2,,,31853470.0,177.2,,
2012-08-07,179.85,,,33072882.0,179.85,,
2012-08-08,178.95,,,21666329.0,178.95,,
2012-08-09,178.95,,,23993795.0,178.95,,
2012-08-10,183.4,,,41283347.0,183.4,,
2012-08-13,183.05,,,21917324.0,183.05,,
2012-08-14,185.75,,,29179029.0,185.75,,
2012-08-15,183.1,,,15532159.0,183.1,,
2012-08-16,186.2,,,20991615.0,186.2,,
2012-08-17,192.85,,,40510831.0,192.85,,
2012-08-20,190.9,,,40572873.0,190.9,,
2012-08-21,197.05,,,29346502.0,197.05,,
2012-08-22,194.15,,,25430172.0,194.15,,
2012-08-23,191.0,,,30169988.0,191.0,,
2012-08-24,187.2,,,40271957.0,187.2,,
2012-08-28,188.95,,,23274884.0,188.95,,
2012-08-29,186.35,,,24776760.0,186.35,,
2012-08-30,183.5,,,19966539.0,183.5,,
2012-08-31,183.25,,,33479069.0,183.25,,
2012-09-03,184.3,,,10151227.0,184.3,,
2012-09-04,181.25,,,25715423.0,181.25,,
2012-09-05,181.95,,,21492963.0,181.95,,
2012-09-06,193.05,,,45747970.0,193.05,,
2012-09-07,206.4,,,74061683.0,206.4,,
2012-09-10,207.75,,,44949928.0,207.75,,
2012-09-11,213.5,,,45338564.0,213.5,,
2012-09-12,217.0,,,54621339.0,217.0,,
2012-09-13,217.95,,,26424008.0,217.95,,
2012-09-14,229.05,,,99718282.0,229.05,,
2012-09-17,228.0,,,21081599.0,228.0,,
2012-09-18,225.4,,,47469040.0,225.4,,
2012-09-19,225.15,,,28012574.0,225.15,,
2012-09-20,222.05,,,31886736.0,222.05,,
2012-09-21,223.75,,,52075916.0,223.75,,
2012-09-24,220.25,,,18457913.0,220.25,,
2012-09-25,223.2,,,21425022.0,223.2,,
2012-09-26,213.65,,,38093609.0,213.65,,
2012-09-27,217.25,,,24466036.0,217.25,,
2012-09-28,214.85,,,29537683.0,214.85,,
2012-10-01,222.35,,,31116065.0,222.35,,
2012-10-02,220.75,,,32134654.0,220.75,,
2012-10-03,220.25,,,25350297.0,220.25,,
2012-10-04,222.55,,,23221556.0,222.55,,
2012-10-05,227.85,,,30035101.0,227.85,,
2012-10-08,222.35,,,17744100.0,222.35,,
2012-10-09,221.55,,,22060556.0,221.55,,
2012-10-10,222.0,,,29162414.0,222.0,,
2012-10-11,232.65,,,42657129.0,232.65,,
2012-10-12,232.2,,,51169051.0,232.2,,
2012-10-15,236.85,,,28820992.0,236.85,,
2012-10-16,246.1,,,46551105.0,246.1,,
2012-10-17,244.4,,,34082537.0,244.4,,
2012-10-18,240.7,,,50928629.0,240.7,,
2012-10-19,233.85,,,40621693.0,233.85,,
2012-10-22,235.4,,,21060997.0,235.4,,
2012-10-23,232.65,,,30061527.0,232.65,,
2012-10-24,229.9,,,33062159.0,229.9,,
2012-10-25,232.85,,,34889700.0,232.85,,
2012-10-26,232.5,,,24571089.0,232.5,,
2012-10-29,231.05,,,12875165.0,231.05,,
2012-10-30,238.8,,,22932352.0,238.8,,
2012-10-31,227.5,,,63356172.0,227.5,,
2012-11-01,239.25,,,48381681.0,239.25,,
2012-11-02,241.15,,,34431789.0,241.15,,
2012-11-05,237.5,,,18733135.0,237.5,,
2012-11-06,242.55,,,20217669.0,242.55,,
2012-11-07,235.85,,,44112282.0,235.85,,
2012-11-08,236.6,,,20751750.0,236.6,,
2012-11-09,230.15,,,37987802.0,230.15,,
2012-11-12,234.95,,,28160593.0,234.95,,
2012-11-13,237.3,,,29783656.0,237.3,,
2012-11-14,237.65,,,35292639.0,237.65,,
2012-11-15,239.25,,,40463791.0,239.25,,
2012-11-16,234.2,,,37938415.0,234.2,,
2012-11-19,249.75,,,54481231.0,249.75,,
2012-11-20,246.5,,,43527801.0,246.5,,
2012-11-21,248.85,,,35622927.0,248.85,,
2012-11-22,252.0,,,18778082.0,252.0,,
2012-11-23,254.2,,,19658878.0,254.2,,
2012-11-26,240.5,,,93631903.0,240.5,,
2012-11-27,243.65,,,33917768.0,243.65,,
2012-11-28,242.15,,,28696438.0,242.15,,
2012-11-29,244.6,,,28989728.0,244.6,,
2012-11-30,246.0,,,33062459.0,246.0,,
2012-12-03,244.4,,,21011115.0,244.4,,
2012-12-04,243.8,,,19661762.0,243.8,,
2012-12-05,246.4,,,22708648.0,246.4,,
2012-12-06,250.5,,,36298078.0,250.5,,
2012-12-07,251.55,,,20758440.0,251.55,,
2012-12-10,249.55,,,17201902.0,249.55,,
2012-12-11,248.95,,,15805678.0,248.95,,
2012-12-12,252.6,,,28372997.0,252.6,,
2012-12-13,254.1,,,37709481.0,254.1,,
2012-12-14,255.6,,,21731475.0,255.6,,
2012-12-17,256.9,,,19007027.0,256.9,,
2012-12-18,261.15,,,35869337.0,261.15,,
2012-12-19,266.55,,,39181555.0,266.55,,
2012-12-20,266.8,,,25828028.0,266.8,,
2012-12-21,263.0,,,45557456.0,263.0,,
2012-12-24,263.1,,,3602368.0,263.1,,
2012-12-27,265.2,,,15519182.0,265.2,,
2012-12-28,261.75,,,15658939.0,261.75,,
2012-12-31,262.4,,,6275301.0,262.4,,
2013-01-02,275.6,,,33574581.0,275.6,,
2013-01-03,276.0,,,23185370.0,276.0,,
2013-01-04,276.7,,,27263630.0,276.7,,
2013-01-07,287.2,,,46906268.0,287.2,,
2013-01-08,287.2,,,38531378.0,287.2,,
2013-01-09,294.75,,,40507469.0,294.75,,
2013-01-10,294.6,,,38986810.0,294.6,,
2013-01-11,299.65,,,45735319.0,299.65,,
2013-01-14,298.9,,,37269176.0,298.9,,
2013-01-15,295.4,,,43583366.0,295.4,,
2013-01-16,293.4,,,36687669.0,293.4,,
2013-01-17,296.05,,,29934067.0,296.05,,
2013-01-18,297.0,,,32998279.0,297.0,,
2013-01-21,297.4,,,22711841.0,297.4,,
2013-01-22,296.05,,,43504128.0,296.05,,
2013-01-23,296.0,,,45354836.0,296.0,,
2013-01-24,300.0,,,36669497.0,300.0,,
2013-01-25,300.7,,,37736073.0,300.7,,
2013-01-28,305.85,,,35555896.0,305.85,,
2013-01-29,300.9,,,50051075.0,300.9,,
2013-01-30,302.0,,,40308809.0,302.0,,
2013-01-31,301.0,,,63337910.0,301.0,,
2013-02-01,300.0,,,49099371.0,300.0,,
2013-02-04,291.5,,,65849819.0,291.5,,
2013-02-05,295.25,,,35731484.0,295.25,,
2013-02-06,295.45,,,25925131.0,295.45,,
2013-02-07,292.5,,,51905437.0,292.5,,
2013-02-08,298.6,,,35074062.0,298.6,,
2013-02-11,301.5,,,41611255.0,301.5,,
2013-02-12,327.35,,,138297761.0,327.35,,
2013-02-13,326.0,,,66433695.0,326.0,,
2013-02-14,319.0,,,52167654.0,319.0,,
2013-02-15,321.8,,,55872394.0,321.8,,
2013-02-18,320.2,,,38569317.0,320.2,,
2013-02-19,325.0,,,48122712.0,325.0,,
2013-02-20,319.95,,,43212385.0,319.95,,
2013-02-21,306.45,,,56877202.0,306.45,,
2013-02-22,307.0,,,36416607.0,307.0,,
2013-02-25,311.65,,,92962909.0,311.65,,
2013-02-26,297.0,,,93516064.0,297.0,,
2013-02-27,301.8,,,51319099.0,301.8,,
2013-02-28,307.0,,,45402546.0,307.0,,
2013-03-01,303.45,,,43374049.0,303.45,,
2013-03-04,300.4,,,29197516.0,300.4,,
2013-03-05,307.45,,,34794570.0,307.45,,
2013-03-06,302.15,,,32938107.0,302.15,,
2013-03-07,309.5,,,48998206.0,309.5,,
2013-03-08,318.6,,,52299124.0,318.6,,
2013-03-11,311.5,,,36444482.0,311.5,,
2013-03-12,313.15,,,31536744.0,313.15,,
2013-03-13,314.7,,,27456039.0,314.7,,
2013-03-14,317.9,,,41324516.0,317.9,,
2013-03-15,320.05,,,126240021.0,320.05,,
2013-03-18,305.95,,,70520718.0,305.95,,
2013-03-19,297.5,,,52043871.0,297.5,,
2013-03-20,295.2,,,59775223.0,295.2,,
2013-03-21,294.6,,,38994788.0,294.6,,
2013-03-22,292.0,,,58888291.0,292.0,,
2013-03-25,282.1,,,73557401.0,282.1,,
2013-03-26,287.2,,,52634903.0,287.2,,
2013-03-27,287.9,,,61811145.0,287.9,,
2013-03-28,291.15,,,26227627.0,291.15,,
2013-04-02,297.5,,,41502440.0,297.5,,
2013-04-03,289.3,,,28585162.0,289.3,,
2013-04-04,284.9,,,36699397.0,284.9,,
2013-04-05,280.0,,,46066930.0,280.0,,
2013-04-08,277.2,,,40312997.0,277.2,,
2013-04-09,286.0,,,46954685.0,286.0,,
2013-04-10,297.165,,,46271138.0,297.165,,
2013-04-11,303.9,,,35598563.0,303.9,,
2013-04-12,299.3,,,25439275.0,299.3,,
2013-04-15,295.137,,,25591177.0,295.137,,
2013-04-16,297.1401,,,26021143.0,297.1401,,
2013-04-17,290.3,,,35783634.0,290.3,,
2013-04-18,283.75,,,33647918.0,283.75,,
2013-04-19,286.35,,,26209065.0,286.35,,
2013-04-22,293.0617,,,33108707.0,293.0617,,
2013-04-23,298.3,,,46500147.0,298.3,,
2013-04-24,294.42,,,77564373.0,294.42,,
2013-04-25,291.537,,,43255772.0,291.537,,
2013-04-26,290.7,,,28710976.0,290.7,,
2013-04-29,289.6367,,,40146097.0,289.6367,,
2013-04-30,289.0087,,,59867145.0,289.0087,,
2013-05-01,288.7,,,14320461.0,288.7,,
2013-05-02,288.9,,,28769919.0,288.9,,
2013-05-03,295.0877,,,61996372.0,295.0877,,
2013-05-07,308.5166,,,75842571.0,308.5166,,
2013-05-08,308.8,,,32331847.0,308.8,,
2013-05-09,312.0949,,,35555255.0,312.0949,,
2013-05-10,314.4,,,37798484.0,314.4,,
2013-05-13,312.55,,,27882279.0,312.55,,
2013-05-14,313.6731,,,29608132.0,313.6731,,
2013-05-15,312.2125,,,35058275.0,312.2125,,
2013-05-16,323.18,,,35504499.0,323.18,,
2013-05-17,327.217,,,47092823.0,327.217,,
2013-05-20,326.25,,,26838293.0,326.25,,
2013-05-21,323.3,,,37523406.0,323.3,,
2013-05-22,325.0,,,71779785.0,325.0,,
2013-05-23,322.429,,,52522258.0,322.429,,
2013-05-24,321.6,,,47601873.0,321.6,,
2013-05-28,323.1404,,,34070944.0,323.1404,,
2013-05-29,320.0,,,28680021.0,320.0,,
2013-05-30,322.7395,,,28225045.0,322.7395,,
2013-05-31,320.45,,,51843458.0,320.45,,
2013-06-03,317.1,,,32584931.0,317.1,,
2013-06-04,320.75,,,31931974.0,320.75,,
2013-06-05,316.3,,,33400710.0,316.3,,
2013-06-06,306.1362,,,64756866.0,306.1362,,
2013-06-07,307.8,,,35819527.0,307.8,,
2013-06-10,309.8875,,,32438783.0,309.8875,,
2013-06-11,301.2482,,,37908849.0,301.2482,,
2013-06-12,299.5657,,,45295048.0,299.5657,,
2013-06-13,296.55,,,42601292.0,296.55,,
2013-06-14,298.9118,,,30861703.0,298.9118,,
2013-06-17,296.65,,,28042891.0,296.65,,
2013-06-18,304.4138,,,30106095.0,304.4138,,
2013-06-19,301.5,,,36030507.0,301.5,,
2013-06-20,288.1,,,71895410.0,288.1,,
2013-06-21,281.6,,,73644077.0,281.6,,
2013-06-24,279.05,,,46687343.0,279.05,,
2013-06-25,282.6661,,,31198249.0,282.6661,,
2013-06-26,288.85,,,44863751.0,288.85,,
2013-06-27,286.25,,,33406724.0,286.25,,
2013-06-28,278.45,,,55402965.0,278.45,,
2013-07-01,262.81,,,70298682.0,262.81,,
2013-07-02,261.42,,,38194555.0,261.42,,
2013-07-03,259.34,,,58078720.0,259.34,,
2013-07-04,270.38,,,48130560.0,270.38,,
2013-07-05,269.27,,,42335880.0,269.27,,
2013-07-08,275.83,,,33289923.0,275.83,,
2013-07-09,279.29,,,40686617.0,279.29,,
2013-07-10,279.02,,,25867256.0,279.02,,
2013-07-11,279.8,,,34831978.0,279.8,,
2013-07-12,282.8,,,44162181.0,282.8,,
2013-07-15,286.13,,,34324979.0,286.13,,
2013-07-16,284.65,,,35467917.0,284.65,,
2013-07-17,286.04,,,56356249.0,286.04,,
2013-07-18,292.87,,,44511397.0,292.87,,
2013-07-19,295.6,,,40946955.0,295.6,,
2013-07-22,299.29,,,34107980.0,299.29,,
2013-07-23,297.22,,,29812877.0,297.22,,
2013-07-24,296.11,,,33118019.0,296.11,,
2013-07-25,297.91,,,27358652.0,297.91,,
2013-07-26,295.74,,,22566391.0,295.74,,
2013-07-29,285.48,,,69957526.0,285.48,,
2013-07-30,269.09,,,119111664.0,269.09,,
2013-07-31,265.95,,,84836521.0,265.95,,
2013-08-01,268.9,,,57920898.0,268.9,,
2013-08-02,263.68,,,43252395.0,263.68,,
2013-08-05,263.73,,,26371343.0,263.73,,
2013-08-06,262.81,,,35017614.0,262.81,,
2013-08-07,260.63,,,35517631.0,260.63,,
2013-08-08,265.07,,,26178741.0,265.07,,
2013-08-09,265.21,,,21522563.0,265.21,,
2013-08-12,263.27,,,30488339.0,263.27,,
2013-08-13,262.02,,,27383727.0,262.02,,
2013-08-14,263.68,,,34804750.0,263.68,,
2013-08-15,262.62,,,24101817.0,262.62,,
2013-08-16,266.09,,,36262935.0,266.09,,
2013-08-19,266.69,,,28919265.0,266.69,,
2013-08-20,264.88,,,24643771.0,264.88,,
2013-08-21,261.42,,,26516608.0,261.42,,
2013-08-22,262.99,,,20929222.0,262.99,,
2013-08-23,264.98,,,27269572.0,264.98,,
2013-08-26,286.8667,,,250000.0,286.8667,,
2013-08-27,259.3,,,44298713.0,259.3,,
2013-08-28,262.85,,,40922182.0,262.85,,
2013-08-29,262.94,,,19498671.0,262.94,,
2013-08-30,261.74,,,25373659.0,261.74,,
2013-09-02,263.91,,,20215362.0,263.91,,
2013-09-03,263.36,,,17410484.0,263.36,,
2013-09-04,267.47,,,37324879.0,267.47,,
2013-09-05,273.43,,,47785477.0,273.43,,
2013-09-06,274.35,,,34741391.0,274.35,,
2013-09-09,276.71,,,25805343.0,276.71,,
2013-09-10,282.44,,,53622009.0,282.44,,
2013-09-11,283.08,,,31995652.0,283.08,,
2013-09-12,282.57,,,28526628.0,282.57,,
2013-09-13,278.6,,,35986875.0,278.6,,
2013-09-16,282.11,,,53586275.0,282.11,,
2013-09-17,276.2,,,70565703.0,276.2,,
2013-09-18,277.2,,,82939239.0,277.2,,
2013-09-19,278.3,,,86463478.0,278.3,,
2013-09-20,273.45,,,102813489.0,273.45,,
2013-09-23,266.35,,,106315058.0,266.35,,
2013-09-24,271.45,,,92119891.0,271.45,,
2013-09-25,273.0,,,87518406.0,273.0,,
2013-09-26,269.2,,,76569599.0,269.2,,
2013-09-27,265.8,,,86964053.0,265.8,,
2013-09-30,265.5,,,57076731.0,265.5,,
2013-10-01,269.8,,,54978568.0,269.8,,
2013-10-02,272.55,,,45082347.0,272.55,,
2013-10-03,273.0,,,36069423.0,273.0,,
2013-10-04,271.35,,,76138384.0,271.35,,
2013-10-07,272.55,,,39190060.0,272.55,,
2013-10-08,268.2,,,44310907.0,268.2,,
2013-10-09,267.8,,,36798436.0,267.8,,
2013-10-10,274.5,,,44660859.0,274.5,,
2013-10-11,278.0,,,45267013.0,278.0,,
2013-10-14,276.85,,,35913126.0,276.85,,
2013-10-15,279.85,,,37685924.0,279.85,,
2013-10-16,283.65,,,44694699.0,283.65,,
2013-10-17,278.3,,,72456700.0,278.3,,
2013-10-18,277.85,,,83229839.0,277.85,,
2013-10-21,274.75,,,35678437.0,274.75,,
2013-10-22,272.6,,,39485244.0,272.6,,
2013-10-23,268.2,,,73976191.0,268.2,,
2013-10-24,266.45,,,47637801.0,266.45,,
2013-10-25,267.9,,,45973863.0,267.9,,
2013-10-28,263.25,,,58028691.0,263.25,,
2013-10-29,266.05,,,43565118.0,266.05,,
2013-10-30,268.45,,,87949700.0,268.45,,
2013-10-31,263.6,,,74175414.0,263.6,,
2013-11-01,256.3,,,97022172.0,256.3,,
2013-11-04,255.15,,,77576939.0,255.15,,
2013-11-05,249.0,,,82656896.0,249.0,,
2013-11-06,254.65,,,61582062.0,254.65,,
2013-11-07,252.7,,,40312164.0,252.7,,
2013-11-08,255.3,,,42483751.0,255.3,,
2013-11-11,257.65,,,27709202.0,257.65,,
2013-11-12,256.8,,,25725188.0,256.8,,
2013-11-13,249.5,,,58605507.0,249.5,,
2013-11-14,250.0,,,35915349.0,250.0,,
2013-11-15,249.45,,,36123227.0,249.45,,
2013-11-18,251.4,,,25696482.0,251.4,,
2013-11-19,250.8,,,26461982.0,250.8,,
2013-11-20,252.6,,,31232134.0,252.6,,
2013-11-21,257.1,,,40369168.0,257.1,,
2013-11-22,256.95,,,29144679.0,256.95,,
2013-11-25,259.1,,,36423472.0,259.1,,
2013-11-26,260.8,,,37928093.0,260.8,,
2013-11-27,262.5,,,32749047.0,262.5,,
2013-11-28,265.6,,,45887714.0,265.6,,
2013-12-02,270.25,,,40286523.0,270.25,,
2013-12-03,266.2,,,45059417.0,266.2,,
2013-12-04,262.8,,,40612949.0,262.8,,
2013-12-05,262.35,,,31699326.0,262.35,,
2013-12-06,265.65,,,26790397.0,265.65,,
2013-12-09,265.85,,,23569246.0,265.85,,
2013-12-10,263.75,,,27721365.0,263.75,,
2013-12-11,259.75,,,37572010.0,259.75,,
2013-12-12,253.95,,,55831667.0,253.95,,
2013-12-13,251.45,,,35366143.0,251.45,,
2013-12-16,255.05,,,38828369.0,255.05,,
2013-12-17,251.3,,,42961961.0,251.3,,
2013-12-18,252.05,,,32693035.0,252.05,,
2013-12-19,257.45,,,38956212.0,257.45,,
2013-12-20,259.7,,,77359464.0,259.7,,
2013-12-23,264.35,,,25950818.0,264.35,,
2013-12-24,265.45,,,8077836.0,265.45,,
2013-12-27,269.7,,,25802106.0,269.7,,
2013-12-30,271.1,,,22572772.0,271.1,,
2013-12-31,271.95,,,12175998.0,271.95,,
2014-01-02,271.05,,,30686669.0,271.05,,
2014-01-03,272.85,,,23718428.0,272.85,,
2014-01-06,277.5,,,47103460.0,277.5,,
2014-01-07,280.95,,,44427309.0,280.95,,
2014-01-08,283.7,,,45179858.0,283.7,,
2014-01-09,284.4,,,57515680.0,284.4,,
2014-01-10,283.6,,,41119148.0,283.6,,
2014-01-13,291.7,,,58071322.0,291.7,,
2014-01-14,291.75,,,39955028.0,291.75,,
2014-01-15,296.5,,,51750364.0,296.5,,
2014-01-16,290.45,,,57473882.0,290.45,,
2014-01-17,288.6,,,55125755.0,288.6,,
2014-01-20,282.8,,,41128171.0,282.8,,
2014-01-21,280.6,,,49841315.0,280.6,,
2014-01-22,278.2,,,39848583.0,278.2,,
2014-01-23,278.9,,,45275390.0,278.9,,
2014-01-24,272.25,,,69719926.0,272.25,,
2014-01-27,269.35,,,48280876.0,269.35,,
2014-01-28,273.3,,,36579109.0,273.3,,
2014-01-29,274.95,,,86781286.0,274.95,,
2014-01-30,275.05,,,35674610.0,275.05,,
2014-01-31,272.5,,,49336871.0,272.5,,
2014-02-03,265.7,,,45790537.0,265.7,,
2014-02-04,264.55,,,45494021.0,264.55,,
2014-02-05,264.95,,,36906857.0,264.95,,
2014-02-06,269.95,,,44868609.0,269.95,,
2014-02-07,271.7,,,39908014.0,271.7,,
2014-02-10,275.0,,,51673204.0,275.0,,
2014-02-11,264.7,,,162011356.0,264.7,,
2014-02-12,260.45,,,71755639.0,260.45,,
2014-02-13,256.4,260.87,251.1,107515456.0,256.4,4.05,
2014-02-14,253.0,258.72,252.8,61058330.0,253.0,3.4,
2014-02-17,261.85,262.47,252.95,40967232.0,256.05,5.8,
2014-02-18,255.4,261.95,254.75,33872900.0,261.3,5.9,
2014-02-19,254.95,256.28,252.5,26481281.0,255.8,0.85,
2014-02-20,258.2,258.8,256.0,28492071.0,255.25,2.95,
2014-02-21,258.65,260.35,256.2,25220842.0,258.0,0.65,
2014-02-24,257.9,259.9,254.0,27159581.0,259.0,1.1,
2014-02-25,253.2,260.48,251.8,37658001.0,257.9,4.7,
2014-02-26,254.4,254.6,249.6,39501086.0,253.15,1.25,
2014-02-27,251.8,255.0,251.25,44497828.0,253.9,2.1,
2014-02-28,247.7,250.34,245.05,45586732.0,252.1,4.4,
2014-03-03,253.05,254.25,249.05,34108117.0,247.85,5.2,
2014-03-04,251.75,254.0,250.4,24729787.0,252.95,1.2,
2014-03-05,253.2,256.29,252.6,20146921.0,252.25,0.95,
2014-03-06,248.2,254.5,247.3,42808552.0,253.3,5.1,
2014-03-07,241.7,248.36,240.7,53654636.0,248.35,6.65,
2014-03-10,236.35,243.15,233.65,76525633.0,242.0,5.65,
2014-03-11,234.05,237.1,230.35,52061653.0,236.15,2.1,
2014-03-12,236.0,240.35,234.95,53447258.0,233.75,2.25,
2014-03-13,230.2,238.65,228.29,59696234.0,235.65,5.45,
2014-03-14,231.2,233.67,229.95,38368711.0,231.15,0.05,
2014-03-17,231.05,,,43010542.0,231.05,,
2014-03-18,241.75,243.3,232.17,51855688.0,236.05,5.7,
2014-03-19,241.5,,,62861048.0,241.5,,
2014-03-20,234.55,239.25,234.5,56244524.0,238.65,4.1,
2014-03-21,233.65,237.8,233.1,35706826.0,235.9,2.25,
2014-03-24,234.05,,,41175311.0,234.05,,
2014-03-25,234.25,237.6,232.9,38124821.0,236.95,2.7,
2014-03-26,230.55,232.7,229.8,38735054.0,233.3,2.75,
2014-03-27,230.85,233.95,227.65,43560204.0,230.95,0.1,
2014-03-28,231.1,233.95,227.65,49112115.0,231.1,0.15,
2014-03-31,233.4,233.75,231.1,69418299.0,233.4,2.3,
2014-04-01,237.45,237.95,233.4,46496445.0,237.45,4.05,
2014-04-02,242.75,243.97,238.12,56180791.0,242.75,5.3,
2014-04-03,244.1,246.45,240.77,52338121.0,244.1,1.35,
2014-04-04,248.15,249.0,241.76,53060580.0,248.15,4.05,
2014-04-07,241.85,248.05,241.15,49049990.0,241.85,6.3,
2014-04-08,238.6,242.25,234.35,42603582.0,238.6,3.25,
2014-04-09,238.5,241.25,237.55,36477199.0,238.5,0.1,
2014-04-10,239.75,242.07,237.85,36763640.0,239.75,1.25,
2014-04-11,236.05,239.68,232.98,66656662.0,236.05,3.7,
2014-04-14,237.3,237.32,230.95,53074735.0,237.3,1.25,
2014-04-15,233.15,239.12,232.15,35919819.0,233.15,4.15,
2014-04-16,237.55,238.21,234.0,37671148.0,237.55,4.4,
2014-04-17,246.5,0.0,0.0,0.0,246.5,0.0,
2014-04-22,247.25,249.4,244.9,48714500.0,247.25,0.75,
2014-04-23,248.9,249.7,246.05,43800023.0,248.9,1.65,
2014-04-24,252.0,253.55,249.45,45180978.0,252.0,3.1,
2014-04-25,248.85,252.85,247.75,31678090.0,248.85,3.15,
2014-04-28,249.0,250.7,248.05,29178076.0,249.0,0.15,
2014-04-29,250.25,251.7,244.8,52098890.0,250.25,1.25,
2014-04-30,252.2,253.1,248.11,38563163.0,252.2,1.95,
2014-05-01,256.15,257.18,253.75,26966909.0,256.15,3.95,
2014-05-02,258.5,258.6,253.98,55473848.0,258.5,2.35,
2014-05-06,245.0,255.32,244.27,76029546.0,245.0,13.5,
2014-05-07,243.3,245.54,239.1,63499974.0,243.3,1.7,
2014-05-08,262.45,264.57,249.35,173407501.0,262.45,19.15,
2014-05-09,260.15,267.55,258.7,72010592.0,260.15,2.3,
2014-05-12,256.65,259.7,254.75,38397133.0,256.65,3.5,
2014-05-13,255.35,259.0,252.48,42992394.0,255.35,1.3,
2014-05-14,251.3,254.9,249.95,26025684.0,251.3,4.05,
2014-05-15,244.8,254.05,244.34,51428273.0,244.8,6.5,
2014-05-16,241.55,246.41,239.3,70617106.0,241.55,3.25,
2014-05-19,238.95,241.47,235.75,70096565.0,238.95,2.6,
2014-05-20,238.55,239.96,236.7,31494137.0,238.55,0.4,
2014-05-21,241.7,243.87,236.9,50774436.0,241.7,3.15,
2014-05-22,243.5,244.67,241.65,30945783.0,243.5,1.8,
2014-05-23,246.6,247.54,242.44,34838050.0,246.6,3.1,
2014-05-27,245.5,249.43,245.25,41354634.0,245.5,1.1,
2014-05-28,245.35,246.95,242.3,46099943.0,245.35,0.15,
2014-05-29,246.05,246.28,244.5,20966611.0,246.05,0.7,
2014-05-30,247.0,247.09,243.97,86089262.0,247.0,0.95,
2014-06-02,246.1,249.45,245.55,21764920.0,246.1,0.9,
2014-06-03,244.1,246.4,242.05,28544081.0,244.1,2.0,
2014-06-04,242.85,242.97,238.82,40575306.0,242.85,1.25,
2014-06-05,240.25,245.52,237.8,46305002.0,240.25,2.6,
2014-06-06,242.7,243.81,240.4,71330495.0,242.7,2.45,
2014-06-09,244.75,245.93,241.82,21464602.0,244.75,2.05,
2014-06-10,243.2,245.37,242.3,25523143.0,243.2,1.55,
2014-06-11,240.6,243.36,239.86,29551657.0,240.6,2.6,
2014-06-12,239.85,241.45,239.05,25453297.0,239.85,0.75,
2014-06-13,238.7,240.75,236.6,25673158.0,238.7,1.15,
2014-06-16,236.5,240.4,234.0,33616782.0,236.5,2.2,
2014-06-17,236.5,238.0,235.6,30292968.0,236.5,0.0,
2014-06-18,235.5,238.35,235.5,25291924.0,235.5,1.0,
2014-06-19,236.2,238.89,235.95,22947049.0,236.2,0.7,
2014-06-20,234.6,237.13,234.0,81287975.0,234.6,1.6,
2014-06-23,234.3,235.25,233.1,25072886.0,234.3,0.3,
2014-06-24,233.7,236.83,232.25,23677489.0,233.7,0.6,
2014-06-25,230.0,233.7,229.65,60020869.0,230.0,3.7,
2014-06-26,215.0,226.04,209.4,244494797.0,215.0,15.0,
2014-06-27,216.05,220.69,212.88,60401882.0,216.05,1.05,
2014-06-30,212.8,220.27,211.8,55673986.0,212.8,3.25,
2014-07-01,216.0,216.53,213.75,44076799.0,216.0,3.2,
2014-07-02,217.1,218.8,216.35,31960430.0,217.1,1.1,
2014-07-03,219.35,220.59,217.19,29511393.0,219.35,2.25,
2014-07-04,218.55,221.34,217.8,19188889.0,218.55,0.8,
2014-07-07,216.05,220.75,215.6,27683167.0,216.05,2.5,
2014-07-08,213.7,218.84,213.4,54898308.0,213.7,2.35,
2014-07-09,211.5,214.6,209.51,50856538.0,211.5,2.2,
2014-07-10,208.0,211.85,201.75,91995761.0,208.0,3.5,
2014-07-11,207.9,209.98,206.5,39276029.0,207.9,0.1,
2014-07-14,209.6,211.57,205.35,38083733.0,209.6,1.7,
2014-07-15,210.65,213.25,207.35,59412527.0,210.65,1.05,
2014-07-16,216.0,217.61,211.2,49879474.0,216.0,5.35,
2014-07-17,210.2,215.0,209.85,45680503.0,210.2,5.8,
2014-07-18,211.8,211.8,207.5,30798342.0,211.8,1.6,
2014-07-21,210.2,212.25,208.65,26404678.0,210.2,1.6,
2014-07-22,210.6,212.58,209.7,23447711.0,210.6,0.4,
2014-07-23,210.95,212.85,208.35,55086839.0,210.95,0.35,
2014-07-24,214.5,214.75,209.6,37255749.0,214.5,3.55,
2014-07-25,218.05,220.07,214.65,49980434.0,218.05,3.55,
2014-07-28,218.15,220.36,216.05,39655922.0,218.15,0.1,
2014-07-29,219.1,221.95,217.88,40302934.0,219.1,0.95,
2014-07-30,228.4,230.86,224.15,119827155.0,228.4,9.3,
2014-07-31,225.7,229.21,225.2,54296486.0,225.7,2.7,
2014-08-01,224.25,227.3,221.8,45121336.0,224.25,1.45,
2014-08-04,223.95,227.41,222.4,26457463.0,223.95,0.3,
2014-08-05,221.9,224.98,220.38,27300431.0,221.9,2.05,
2014-08-06,217.55,221.35,214.75,43167191.0,217.55,4.35,
2014-08-07,213.4,218.1,212.85,39276401.0,213.4,4.15,
2014-08-08,214.2,216.2,210.35,32452990.0,214.2,0.8,
2014-08-11,216.25,218.0,214.4,32898463.0,216.25,2.05,
2014-08-12,217.0,219.9,215.44,33453422.0,217.0,0.75,
2014-08-13,219.35,221.3,218.0,25427037.0,219.35,2.35,
2014-08-14,218.0,221.0,217.4,29733112.0,218.0,1.35,
2014-08-15,217.6,220.9,217.45,32135324.0,217.6,1.75,
2014-08-18,219.6,220.4,217.8,21206428.0,219.6,2.0,
2014-08-19,221.2,222.05,219.5,28530066.0,221.2,1.6,
2014-08-20,220.7,221.95,219.1,25633848.0,220.7,0.5,
2014-08-21,220.8,221.45,218.75,25279265.0,220.8,0.1,
2014-08-22,222.8,223.6,219.75,40042990.0,222.8,2.0,
2014-08-26,225.25,227.45,224.3,31724712.0,225.25,2.45,
2014-08-27,225.9,227.0,224.7,22581541.0,225.9,0.65,
2014-08-28,224.05,226.49,223.54,27042103.0,224.05,1.85,
2014-08-29,224.45,226.2,222.95,29719811.0,224.45,0.4,
2014-09-01,224.1,227.75,222.9,24223696.0,224.1,0.35,
2014-09-02,222.35,225.75,218.35,27180745.0,222.35,1.75,
2014-09-03,228.1,229.75,223.95,48718986.0,228.1,5.75,
2014-09-04,230.75,232.2,226.4,42719778.0,230.75,2.65,
2014-09-05,226.25,232.5,225.7,35980111.0,226.25,4.5,
2014-09-08,224.9,225.75,220.65,36561396.0,224.9,1.35,
2014-09-09,225.9,227.75,224.2,31579026.0,225.9,1.0,
2014-09-10,228.25,228.6,225.25,26442421.0,228.25,2.35,
2014-09-11,225.5,231.75,223.55,35235677.0,225.5,2.75,
2014-09-12,230.0,231.95,225.1,50089456.0,230.0,4.5,
2014-09-15,229.4,231.35,228.79,35569577.0,229.4,0.6,
2014-09-16,229.65,230.0,226.5,31979497.0,229.65,0.25,
2014-09-17,231.75,232.42,229.8,29525915.0,231.75,2.1,
2014-09-18,234.55,236.48,231.73,47151840.0,234.55,2.8,
2014-09-19,234.15,238.95,230.22,76508059.0,234.15,0.4,
2014-09-22,231.65,235.63,231.3,29735642.0,231.65,2.5,
2014-09-23,229.25,232.05,225.8,49126628.0,229.25,2.4,
2014-09-24,228.8,229.6,226.15,33556389.0,228.8,0.45,
2014-09-25,227.65,230.69,225.65,52415868.0,227.65,1.15,
2014-09-26,227.75,228.6,226.43,29104357.0,227.75,0.1,
2014-09-29,226.0,229.6,223.85,29512136.0,226.0,1.75,
2014-09-30,227.45,229.95,226.45,40063161.0,227.45,1.45,
2014-10-01,227.3,230.25,226.6,28365338.0,227.3,0.15,
2014-10-02,220.8,228.44,220.8,52752446.0,220.8,6.5,
2014-10-03,224.6,225.85,221.82,40588925.0,224.6,3.8,
2014-10-06,232.3,234.37,225.1,61226187.0,232.3,7.7,
2014-10-07,230.65,233.25,228.7,47921879.0,230.65,1.65,
2014-10-08,229.4,231.87,228.05,41792855.0,229.4,1.25,
2014-10-09,225.95,232.71,225.0,44147685.0,225.95,3.45,
2014-10-10,223.9,226.45,222.6,40322599.0,223.9,2.05,
2014-10-13,223.4,226.13,221.1,36365819.0,223.4,0.5,
2014-10-14,222.0,226.25,219.74,62693543.0,222.0,1.4,
2014-10-15,208.65,228.9,204.05,70308614.0,212.2,3.55,
2014-10-16,207.9,,,113952982.0,207.9,,
2014-10-17,213.1,215.36,207.7,77823355.0,213.1,5.2,
2014-10-20,218.35,219.39,211.55,64004256.0,218.35,5.25,
2014-10-21,223.4,224.45,216.05,60538381.0,223.4,5.05,
2014-10-22,223.4,224.65,221.7,28436793.0,223.4,0.0,
2014-10-23,225.9,227.02,221.44,41143125.0,225.9,2.5,
2014-10-24,226.35,,,31356291.0,226.35,,
2014-10-27,221.85,,,44638099.0,221.85,,
2014-10-28,223.0,223.85,220.1,43489996.0,223.0,1.15,
2014-10-29,220.5,,,58788782.0,220.5,,
2014-10-30,222.55,225.49,217.35,88732710.0,222.55,2.05,
2014-10-31,240.8,245.15,223.35,184917553.0,240.8,18.25,
2014-11-03,237.0,244.65,227.1,73941523.0,237.0,3.8,
2014-11-04,236.7,239.0,235.45,52171691.0,236.7,0.3,
2014-11-05,238.05,239.65,236.4,35995038.0,238.05,1.35,
2014-11-06,236.35,240.65,233.75,36488343.0,236.35,1.7,
2014-11-07,234.15,237.7,233.5,29447899.0,234.15,2.2,
2014-11-10,234.75,235.6,232.95,24023753.0,234.75,0.6,
2014-11-11,234.6,236.65,233.47,25004785.0,234.6,0.15,
2014-11-12,229.5,233.55,228.5,37379368.0,229.5,5.1,
2014-11-13,228.85,230.17,225.15,42670900.0,228.85,0.65,
2014-11-14,232.0,232.39,228.49,26585131.0,232.0,3.15,
2014-11-17,234.2,235.2,229.85,26856550.0,234.2,2.2,
2014-11-18,237.5,238.26,233.55,36732562.0,237.5,3.3,
2014-11-19,235.9,238.5,235.3,34264305.0,235.9,1.6,
2014-11-20,234.0,237.1,231.8,30570001.0,234.0,1.9,
2014-11-21,236.25,236.73,233.5,57801657.0,236.25,2.25,
2014-11-24,237.15,239.5,235.65,24517445.0,237.15,0.9,
2014-11-25,238.35,239.9,237.76,53026622.0,238.35,1.2,
2014-11-26,238.0,240.42,237.73,23643735.0,238.0,0.35,
2014-11-27,243.8,244.4,239.32,33911610.0,243.8,5.8,
2014-11-28,245.15,246.5,242.8,33525052.0,245.15,1.35,
2014-12-01,241.2,245.6,239.18,32429402.0,241.2,3.95,
2014-12-02,245.35,246.45,242.11,29854492.0,245.35,4.15,
2014-12-03,243.8,,,29961394.0,243.8,,
2014-12-04,242.65,246.9,241.41,23270418.0,242.65,1.15,
2014-12-05,249.45,249.95,243.7,39775845.0,249.45,6.8,
2014-12-08,247.15,249.87,246.72,20878617.0,247.15,2.3,
2014-12-09,238.5,245.74,236.75,43163458.0,238.5,8.65,
2014-12-10,237.7,241.35,236.2,29871800.0,237.7,0.8,
2014-12-11,237.25,,,29052141.0,237.25,,
2014-12-12,232.3,237.8,231.8,35580785.0,232.3,4.95,
2014-12-15,225.2,233.15,224.82,47191872.0,225.2,7.1,
2014-12-16,230.15,230.55,220.95,62091778.0,230.15,4.95,
2014-12-17,228.1,229.45,223.02,33346523.0,228.1,2.05,
2014-12-18,234.7,235.25,229.35,49383041.0,234.7,6.6,
2014-12-19,237.7,239.84,235.25,55772106.0,237.7,3.0,
2014-12-22,240.35,241.61,238.0,17180514.0,240.35,2.65,
2014-12-23,243.05,243.6,238.92,21320361.0,243.05,2.7,
2014-12-24,243.15,244.1,240.7,5343807.0,243.15,0.1,
2014-12-29,242.45,246.51,237.87,25342861.0,242.45,0.7,
2014-12-30,241.4,244.5,240.45,17735056.0,241.4,1.05,
2014-12-31,243.5,244.65,241.62,8019207.0,243.5,2.1,
